{
    "criteria": {
      "requirement": {
        "trigger": "minecraft:using_item",
        "conditions": {
          "player": [
            {
              "condition": "minecraft:entity_properties",
              "entity": "this",
              "predicate": {
                "type": "minecraft:player",
                "equipment": {
                  "mainhand": {
                    "tag": "guris:redye/dyes"
                  },
                  "offhand": {
                    "items": [
                      "minecraft:brush"
                    ]
                  }
                }
              }
            }
          ]
        }
      }
    },
    "rewards": {
      "function": "guris:redye/paint/apply"
    }
  }
  